{"_runtime":144,"train_avg_loss":0.48983840892712277,"val_loss":0.5390125513076782,"_timestamp":1.7634796692715542e+09,"_step":9,"_wandb":{"runtime":144}}