{"avg_val_loss":0.5401686429977417,"F1":0.5577887932545016,"_timestamp":1.7634826180065465e+09,"_runtime":149,"IoU":0.38675944010400926,"Recall":0.38675944010400926,"Precision":0.9999999999989478,"_wandb":{"runtime":149},"_step":9,"avg_train_loss":0.4944433545072873,"Accuracy":0.38675944010400926}